player1boxes,player2boxes,ballpositions,ballvelocities
"(766.0, 594.0, 902.0, 845.0)","(1097.9188231809323, 165.3773650208233, 1157.3269043581302, 254.1001282653095)","(None, None)",0.0
"(768.0, 595.0, 890.0, 846.0)","(1096.702767277083, 165.71517852590154, 1156.7821498214223, 253.4733116463654)","(None, None)",0.0
"(770.0, 599.0, 898.0, 846.0)","(1096.2170017614671, 166.47987346581488, 1155.5010284513191, 253.56287391842687)","(837.0, 486.0)",0.0
"(773.0, 609.0, 893.0, 845.0)","(1097.374961055344, 167.11270643094872, 1155.1996832045947, 253.7718454115378)","(834.0, 474.0)",742.1590126111789
"(775.0, 608.0, 887.0, 844.0)","(1097.5151582156752, 167.2283794518667, 1155.503892649808, 254.3047326054303)","(834.0, 471.0)",180.0
"(775.0, 608.0, 889.0, 845.0)","(1097.5847755980747, 167.16921241373205, 1154.9422315926965, 254.11478074686937)","(828.0, 465.0)",509.11688245431424
"(775.0, 617.0, 888.0, 846.0)","(1097.589078363755, 166.64116324176644, 1154.7829298341862, 253.8725675232376)","(828.0, 459.0)",360.0
"(775.0, 619.0, 890.0, 845.0)","(1097.0675417956406, 165.31075012828165, 1154.1941039588958, 253.7503099466582)","(828.0, 453.0)",360.0
"(775.0, 617.0, 894.0, 845.0)","(1096.647761346214, 164.42415441197886, 1153.33367488697, 253.49996346108435)","(828.0, 450.0)",180.0
"(781.0, 623.0, 899.0, 843.0)","(1097.110413593755, 164.59437963095888, 1153.6096998325713, 253.67434074490217)","(822.0, 447.0)",402.49223594996215
"(781.0, 623.0, 900.0, 842.0)","(1097.1573557558902, 163.7422175165901, 1153.8321687218734, 253.35346041667717)","(828.0, 444.0)",402.49223594996215
"(784.0, 627.0, 890.0, 843.0)","(1097.446203707761, 163.6324044494409, 1154.0097755614083, 253.97290873801757)","(822.0, 438.0)",509.11688245431424
"(784.0, 630.0, 890.0, 843.0)","(1097.4764931115699, 163.76826468290633, 1153.901053676472, 253.9925546691413)","(819.0, 438.0)",180.0
"(784.0, 624.0, 892.0, 844.0)","(1097.1297098741697, 164.06513955664008, 1152.8798174306853, 254.00501486980596)","(816.0, 435.0)",254.55844122715712
"(783.0, 612.0, 885.0, 843.0)","(1096.8329081078155, 164.19704448866534, 1151.6889943286455, 253.9843519447338)","(819.0, 432.0)",254.55844122715712
"(784.0, 610.0, 887.0, 845.0)","(1096.5235821308254, 164.3130771832491, 1149.7547729316004, 253.382214648373)","(813.0, 429.0)",402.49223594996215
"(783.0, 617.0, 881.0, 843.0)","(1096.180718528669, 164.57734355789694, 1147.9048112903463, 252.83323735096508)","(816.0, 429.0)",180.0
"(783.0, 616.0, 877.0, 842.0)","(1096.1332279579901, 165.09452758133634, 1146.678555805233, 252.90380963439483)","(813.0, 426.0)",254.55844122715712
"(783.0, 616.0, 875.0, 842.0)","(1095.8748513448465, 165.44858146930042, 1145.2020340327365, 252.95094263440333)","(813.0, 423.0)",180.0
"(782.0, 619.0, 873.0, 841.0)","(1095.8916626363152, 165.97446987998836, 1144.193462310178, 253.10118238566565)","(807.0, 426.0)",402.49223594996215
"(781.0, 617.0, 870.0, 841.0)","(1096.0746517324972, 166.47487506406537, 1143.4306777560785, 253.33510838356705)","(807.0, 417.0)",540.0
"(781.0, 618.0, 864.0, 842.0)","(1096.3741644443905, 166.84641563548072, 1143.0830302098282, 253.50061622786657)","(807.0, 423.0)",360.0
"(783.0, 624.0, 861.0, 843.0)","(1096.4758315682473, 167.14964955485206, 1142.5563273661035, 253.53788640804825)","(804.0, 420.0)",254.55844122715712
"(781.0, 625.0, 862.0, 841.0)","(1096.5127321919, 167.70989959994955, 1142.1703033397914, 253.80978159216352)","(807.0, 420.0)",180.0
"(781.0, 622.0, 865.0, 839.0)","(1096.3384712145523, 167.93564762700484, 1141.7359585503607, 253.79160170645602)","(801.0, 426.0)",509.11688245431424
"(781.0, 617.0, 866.0, 841.0)","(1096.1047347288336, 168.20549649392004, 1141.2370584073155, 253.76165234934118)","(804.0, 423.0)",254.55844122715712
"(780.0, 619.0, 864.0, 842.0)","(1096.0420561610142, 168.4892427377465, 1140.928849721293, 253.8521096365709)","(804.0, 426.0)",180.0
"(777.0, 622.0, 866.0, 842.0)","(1095.627908553623, 168.41594556803966, 1140.3110626206253, 253.52233203645824)","(801.0, 429.0)",254.55844122715712
"(774.0, 622.0, 865.0, 840.0)","(1096.041786905509, 168.73921693227953, 1140.6336321323183, 253.7724809711458)","(795.0, 426.0)",402.49223594996215
"(770.0, 631.0, 863.0, 838.0)","(1096.2591225484337, 169.0255383892756, 1140.8403267530268, 253.9756828813181)","(795.0, 429.0)",180.0
"(759.0, 632.0, 863.0, 838.0)","(1096.3294822705795, 169.23803742178083, 1140.796846985748, 254.12292158727425)","(792.0, 432.0)",254.55844122715712
"(750.0, 609.0, 865.0, 846.0)","(1096.3942668789746, 169.35735067719196, 1140.8070941609844, 254.18256560210455)","(798.0, 432.0)",360.0
"(743.0, 598.0, 860.0, 842.0)","(1096.4819799237764, 169.38376514317474, 1140.9693876391127, 254.31056592694767)","(792.0, 435.0)",402.49223594996215
"(741.0, 596.0, 861.0, 843.0)","(1096.5657866333088, 169.15039428405106, 1141.1932486957796, 254.26098754052742)","(795.0, 441.0)",402.49223594996215
"(740.0, 583.0, 861.0, 843.0)","(1096.6744743381514, 168.50728179623795, 1141.615633766372, 254.0013938490794)","(789.0, 441.0)",360.0
"(749.0, 583.0, 861.0, 844.0)","(1096.771755439846, 168.23242541045624, 1141.9438537791293, 253.89580080379)","(792.0, 450.0)",569.2099788303083
"(745.0, 583.0, 859.0, 842.0)","(1096.7624981964768, 168.3708853931895, 1142.161854886121, 254.10063819656608)","(792.0, 453.0)",180.0
"(756.0, 597.0, 856.0, 838.0)","(1097.153983929822, 168.17551167805354, 1142.591882928802, 254.02690244190072)","(789.0, 453.0)",180.0
"(752.0, 616.0, 856.0, 838.0)","(1097.5848103682026, 167.23609781155972, 1142.4154747937139, 253.68176284306458)","(789.0, 459.0)",360.0
"(762.0, 626.0, 853.0, 832.0)","(1098.760571742901, 166.02678671992297, 1142.944798823111, 253.00204886971395)","(786.0, 462.0)",254.55844122715712
"(764.0, 621.0, 857.0, 823.0)","(1100.0856907558534, 165.39390396936412, 1142.4947312824004, 252.9009765942524)","(786.0, 468.0)",360.0
"(800.0, 630.0, 861.0, 818.0)","(1100.6415734619811, 164.02522413889005, 1142.8323821463184, 252.6903387672727)","(783.0, 474.0)",402.49223594996215
"(780.0, 618.0, 874.0, 817.0)","(1101.5437650639474, 163.82866472244496, 1142.2684379970133, 253.2385082015295)","(780.0, 477.0)",254.55844122715712
"(780.0, 610.0, 881.0, 815.0)","(1101.8391981481295, 164.01491455848986, 1141.6390771540464, 253.76476347008122)","(780.0, 480.0)",180.0
"(777.0, 592.0, 883.0, 810.0)","(1101.8937277664506, 163.40607157025528, 1141.976665102902, 253.76064765535023)","(780.0, 489.0)",540.0
"(784.0, 589.0, 886.0, 806.0)","(1101.8492849489242, 162.8920364023109, 1142.1757451878618, 254.08361006708844)","(780.0, 495.0)",360.0
"(786.0, 579.0, 891.0, 804.0)","(1101.289773723756, 162.33007795913392, 1142.1762406032788, 254.32890186113258)","(774.0, 501.0)",509.11688245431424
"(792.0, 584.0, 891.0, 793.0)","(1101.0408033229062, 162.02522797530224, 1142.4162594962115, 254.80741039110575)","(None, None)",1574.3570116082312
"(787.0, 582.0, 893.0, 801.0)","(1100.296377580039, 162.15428575140788, 1142.5139603083762, 255.17387212959267)","(819.0, 474.0)",1574.3570116082312
"(787.0, 567.0, 898.0, 801.0)","(1099.1589829434517, 162.60271911410888, 1142.4177223453664, 255.9024388556076)","(852.0, 453.0)",2346.9128658729537
"(786.0, 570.0, 894.0, 800.0)","(1098.2582207096757, 162.93856165736756, 1143.0336667291535, 256.3806737167504)","(873.0, 450.0)",1272.7922061357856
"(786.0, 581.0, 894.0, 800.0)","(1097.3805717035696, 163.20125659884752, 1143.3230243861838, 257.3989342336377)","(897.0, 435.0)",1698.1166037701887
"(786.0, 592.0, 896.0, 800.0)","(1096.1461366049252, 163.87469395530508, 1143.185556428587, 258.20654817371155)","(918.0, 423.0)",1451.206394693739
"(782.0, 599.0, 894.0, 801.0)","(1095.1660744093763, 164.8066231997312, 1143.410999343712, 258.9365920893824)","(927.0, 417.0)",648.9992295835181
"(781.0, 606.0, 893.0, 802.0)","(1093.9722844379608, 165.7565857322835, 1143.1550647472113, 259.0714819039702)","(951.0, 402.0)",1698.1166037701887
"(780.0, 608.0, 885.0, 799.0)","(1092.138997943284, 166.25736065845945, 1142.9445123191779, 258.74385129201823)","(966.0, 399.0)",917.8235124467012
"(779.0, 609.0, 881.0, 799.0)","(1090.9916099409807, 167.3537416549676, 1143.202786834378, 259.90755822086885)","(981.0, 396.0)",917.8235124467012
"(776.0, 610.0, 874.0, 798.0)","(1091.1459239209833, 168.40286880300997, 1143.952632499633, 259.7038501747869)","(993.0, 387.0)",900.0
"(774.0, 612.0, 869.0, 801.0)","(1091.0024883895342, 168.76485552513802, 1144.3845802768162, 259.12070949553583)","(1011.0, 378.0)",1207.4767078498865
"(771.0, 612.0, 865.0, 804.0)","(1091.1359943249856, 169.4900680996709, 1145.0655782351766, 259.03978115540804)","(1020.0, 372.0)",648.9992295835181
"(762.0, 614.0, 861.0, 807.0)","(1091.54412502803, 170.55192729382952, 1145.678724062449, 259.21546520750996)","(1029.0, 369.0)",569.2099788303083
"(754.0, 615.0, 858.0, 814.0)","(1092.899629819011, 171.85524109876295, 1147.4844108154693, 259.21801260820325)","(1041.0, 363.0)",804.9844718999243
"(741.0, 617.0, 857.0, 810.0)","(1093.1756941970277, 173.4045300376691, 1148.598848206089, 259.6223742601066)","(1050.0, 360.0)",569.2099788303083
"(736.0, 619.0, 858.0, 807.0)","(1092.9338281499797, 175.5637117285155, 1149.1358927622166, 260.3003566479235)","(1059.0, 357.0)",569.2099788303083
"(728.0, 621.0, 858.0, 803.0)","(1093.804426224816, 176.73734153426153, 1151.104569827333, 260.3586713608927)","(1071.0, 357.0)",720.0
"(726.0, 625.0, 859.0, 801.0)","(1093.3811153267745, 177.8260881360835, 1152.3014450295698, 260.88142836806577)","(1083.0, 351.0)",804.9844718999243
"(722.0, 627.0, 859.0, 803.0)","(1092.4619661937486, 178.3386505555724, 1153.7768863719903, 261.68592126329474)","(1086.0, 351.0)",180.0
"(720.0, 629.0, 859.0, 806.0)","(1092.3946285819902, 178.49676593929246, 1155.6741099276796, 261.57232483994494)","(1095.0, 345.0)",648.9992295835181
"(718.0, 629.0, 860.0, 808.0)","(1091.975034799786, 178.19821113037116, 1156.6591603457618, 261.0279938062959)","(1104.0, 342.0)",569.2099788303083
"(717.0, 634.0, 859.0, 810.0)","(1092.7552410452045, 179.227021580317, 1158.784054369854, 262.2193793217195)","(1107.0, 345.0)",254.55844122715712
"(717.0, 629.0, 858.0, 809.0)","(1092.49374338435, 178.98111745042667, 1160.3341377449922, 261.90154090849416)","(1113.0, 345.0)",360.0
"(719.0, 634.0, 857.0, 810.0)","(1093.368244559461, 180.1968482601963, 1161.438741581966, 262.5772105167142)","(1119.0, 345.0)",360.0
"(718.0, 633.0, 853.0, 810.0)","(1092.610526559211, 180.18577031757462, 1161.9393874947373, 261.9701154157542)","(1125.0, 345.0)",360.0
"(715.0, 629.0, 854.0, 805.0)","(1093.3965229076416, 182.01996497965868, 1163.1856632727104, 262.4723208386057)","(1131.0, 348.0)",402.49223594996215
"(716.0, 629.0, 853.0, 802.0)","(1093.5264268365838, 182.34305346559194, 1164.5692139981954, 262.0585631818131)","(1137.0, 345.0)",402.49223594996215
"(716.0, 629.0, 852.0, 797.0)","(1095.8694053812571, 182.2569533844069, 1169.711582514626, 261.79071261467675)","(1140.0, 345.0)",180.0
"(719.0, 628.0, 851.0, 804.0)","(1095.8991042969103, 181.59055680100258, 1172.9711993154963, 261.09987068247096)","(1143.0, 345.0)",180.0
"(723.0, 632.0, 847.0, 809.0)","(1096.2473274511722, 182.00113961528615, 1175.5490498360368, 261.30347648454284)","(1146.0, 345.0)",180.0
"(724.0, 628.0, 850.0, 808.0)","(1097.52332301756, 182.11121924009464, 1179.8387090132228, 261.9390069510329)","(1149.0, 336.0)",569.2099788303083
"(733.0, 628.0, 851.0, 810.0)","(1098.580832541724, 181.9556272829366, 1182.610650521516, 262.3861249652538)","(1158.0, 315.0)",1370.8391590555034
"(739.0, 627.0, 848.0, 809.0)","(1099.5573093542955, 181.2347149428087, 1184.5939263704474, 262.67684183429935)","(1161.0, 309.0)",402.49223594996215
"(744.0, 627.0, 847.0, 807.0)","(1100.7148846921925, 179.68731362798394, 1186.127263298996, 262.1379241343397)","(1161.0, 300.0)",540.0
"(750.0, 626.0, 847.0, 807.0)","(1102.4221200391687, 178.88492504370097, 1186.0941084922863, 262.36980851250087)","(1167.0, 285.0)",969.3296652842107
"(757.0, 627.0, 843.0, 807.0)","(1102.9614162562207, 178.36570889465304, 1184.4866993162145, 262.90482795594676)","(1170.0, 273.0)",742.1590126111789
"(758.0, 628.0, 845.0, 803.0)","(1103.9680049541191, 177.57694544457496, 1183.317175807815, 263.2100564687968)","(1176.0, 267.0)",509.11688245431424
"(757.0, 629.0, 842.0, 805.0)","(1107.342281411366, 176.60287899629935, 1185.3513587126477, 263.6199825657656)","(1179.0, 261.0)",402.49223594996215
"(751.0, 630.0, 841.0, 804.0)","(1109.6923410463637, 176.3661678730333, 1187.1715281061356, 263.7098007470609)","(1185.0, 252.0)",648.9992295835181
"(743.0, 632.0, 837.0, 808.0)","(1109.3693320817747, 175.75826645694045, 1184.7311889595085, 264.05387003368287)","(1191.0, 246.0)",509.11688245431424
"(733.0, 633.0, 838.0, 812.0)","(1112.0188372176642, 176.63649911610204, 1185.3094514867687, 264.47498478424166)","(1191.0, 240.0)",360.0
"(729.0, 634.0, 836.0, 816.0)","(1113.8841528566109, 175.4184942167916, 1185.2513801015834, 263.4972144146729)","(1197.0, 228.0)",804.9844718999243
"(727.0, 634.0, 836.0, 816.0)","(1117.1276728508694, 173.77163307188042, 1186.2766092128616, 262.6985670941276)","(1197.0, 225.0)",180.0
"(725.0, 634.0, 835.0, 816.0)","(1120.6213257433647, 174.04210526197969, 1188.3097944277097, 263.302081683712)","(None, None)",379.4733192202055
"(725.0, 632.0, 834.0, 817.0)","(1123.012530560185, 172.82102166484032, 1188.5576354152304, 263.0504883991852)","(None, None)",379.4733192202055
"(724.0, 631.0, 833.0, 816.0)","(1125.677014812497, 171.53283733665978, 1187.9384732335948, 262.6213979317604)","(None, None)",379.4733192202055
"(723.0, 629.0, 832.0, 817.0)","(1132.388931540518, 171.14540497895868, 1193.9787685587773, 263.11213553182375)","(None, None)",379.4733192202055
"(723.0, 629.0, 829.0, 818.0)","(1137.769681735405, 170.09270994842046, 1200.0815777307616, 263.46529481605864)","(None, None)",379.4733192202055
"(722.0, 628.0, 827.0, 818.0)","(1140.4578964565162, 168.29891540078697, 1201.6653454217567, 262.18875302125343)","(None, None)",379.4733192202055
"(722.0, 630.0, 826.0, 817.0)","(1140.5167554433986, 168.92270907601568, 1199.388591433021, 262.2179860198075)","(None, None)",379.4733192202055
"(720.0, 630.0, 826.0, 818.0)","(1139.4786982593685, 167.52052441094037, 1194.913518702804, 258.66665866218517)","(None, None)",379.4733192202055
"(719.0, 631.0, 825.0, 819.0)","(1139.4786982593685, 167.52052441094037, 1194.913518702804, 258.66665866218517)","(None, None)",379.4733192202055
"(721.0, 632.0, 824.0, 815.0)","(1139.4786982593685, 167.52052441094037, 1194.913518702804, 258.66665866218517)","(None, None)",379.4733192202055
"(717.0, 632.0, 823.0, 819.0)","(1139.7828115327718, 163.03618379763213, 1183.7770073513263, 254.99314409019343)","(None, None)",379.4733192202055
"(715.0, 633.0, 822.0, 820.0)","(1141.2704239305715, 161.95588297194107, 1185.710499613244, 254.3123807700973)","(None, None)",379.4733192202055
"(711.0, 634.0, 820.0, 821.0)","(1140.699926342385, 160.82273909888593, 1186.5777462610636, 256.16791800521514)","(None, None)",379.4733192202055
"(710.0, 635.0, 820.0, 823.0)","(1139.3404169647067, 157.91611557061702, 1187.282777927653, 256.516217867187)","(None, None)",379.4733192202055
"(708.0, 637.0, 820.0, 824.0)","(1139.5686064177744, 156.921870926397, 1187.2857941658945, 255.16279426473488)","(1107.0, 255.0)",379.4733192202055
"(709.0, 641.0, 816.0, 826.0)","(1139.090210611036, 158.3810842329046, 1188.2528725801296, 258.99523075340403)","(1098.0, 267.0)",900.0
"(708.0, 643.0, 816.0, 828.0)","(1138.6100742288356, 160.99933851063977, 1188.2559076398722, 261.9733497460443)","(1095.0, 264.0)",254.55844122715712
"(707.0, 645.0, 816.0, 832.0)","(1138.2871435814288, 162.98177314503738, 1188.196932483954, 263.14400248974476)","(1083.0, 273.0)",900.0
"(704.0, 647.0, 816.0, 836.0)","(1139.297125980252, 165.75477396884298, 1187.6167651232004, 262.15956949420416)","(1074.0, 285.0)",900.0
"(703.0, 651.0, 814.0, 836.0)","(1141.7922708407957, 167.157844343073, 1188.9125697949028, 262.13374107745113)","(1068.0, 291.0)",509.11688245431424
"(702.0, 653.0, 814.0, 838.0)","(1144.0968346049465, 168.80908401185025, 1189.9351983340364, 263.5965842481719)","(1056.0, 300.0)",900.0
"(703.0, 654.0, 815.0, 836.0)","(1146.519393704735, 168.84506539549068, 1190.9016836009253, 263.2835705583417)","(1041.0, 303.0)",917.8235124467012
"(702.0, 655.0, 818.0, 837.0)","(1149.0738927037874, 168.372370181904, 1191.6681688157255, 261.91118538893846)","(1035.0, 318.0)",969.3296652842107
"(704.0, 657.0, 818.0, 838.0)","(1151.8504946364235, 174.81405309973582, 1192.3106528531137, 266.16413040667913)","(1017.0, 327.0)",1207.4767078498865
"(705.0, 659.0, 820.0, 840.0)","(1151.8504946364235, 174.81405309973582, 1192.3106528531137, 266.16413040667913)","(1011.0, 336.0)",648.9992295835181
"(706.0, 659.0, 818.0, 842.0)","(1151.8504946364235, 174.81405309973582, 1192.3106528531137, 266.16413040667913)","(1002.0, 348.0)",900.0
"(706.0, 657.0, 817.0, 846.0)","(1151.8504946364235, 174.81405309973582, 1192.3106528531137, 266.16413040667913)","(990.0, 360.0)",1018.2337649086285
"(706.0, 662.0, 821.0, 846.0)","(1151.8504946364235, 174.81405309973582, 1192.3106528531137, 266.16413040667913)","(978.0, 363.0)",742.1590126111789
"(702.0, 661.0, 820.0, 845.0)","(1151.8504946364235, 174.81405309973582, 1192.3106528531137, 266.16413040667913)","(972.0, 375.0)",804.9844718999243
"(699.0, 657.0, 817.0, 846.0)","(1156.4253487586282, 188.65226243497406, 1194.0801295872327, 268.4777458933121)","(957.0, 390.0)",1272.7922061357856
"(696.0, 655.0, 818.0, 847.0)","(1157.0532739035748, 190.8498044338912, 1196.7209351963056, 269.9352509332065)","(945.0, 399.0)",900.0
"(694.0, 657.0, 818.0, 849.0)","(1156.541726317471, 191.76746118356192, 1199.2901419114871, 272.44232659943907)","(933.0, 411.0)",1018.2337649086285
"(689.0, 651.0, 812.0, 843.0)","(1156.1915995378997, 192.51380281121055, 1201.168313651717, 274.13109544226756)","(921.0, 426.0)",1152.5623627379127
"(685.0, 651.0, 812.0, 842.0)","(1155.4073665131816, 193.1867928963434, 1201.9756436330738, 275.20902227411614)","(906.0, 447.0)",1548.4185480676729
"(682.0, 652.0, 800.0, 838.0)","(1154.2592308984542, 193.87716244106153, 1202.1689701859048, 276.8058903631732)","(891.0, 456.0)",1049.5713410721542
"(678.0, 649.0, 801.0, 841.0)","(1153.5126861204703, 193.9541177737108, 1201.959168959731, 277.08532535414656)","(876.0, 471.0)",1272.7922061357856
"(674.0, 645.0, 796.0, 841.0)","(1152.9206733696044, 194.62760134092207, 1201.3761934079532, 278.48496576951425)","(867.0, 483.0)",900.0
"(674.0, 645.0, 796.0, 841.0)","(1152.5429740524662, 193.9419526811626, 1201.3941047383403, 277.89958830868983)","(873.0, 480.0)",402.49223594996215
"(672.0, 643.0, 789.0, 841.0)","(1151.8754099791486, 194.17844284945465, 1201.0820422380307, 277.69628735038606)","(858.0, 501.0)",1548.4185480676729
"(668.0, 643.0, 780.0, 839.0)","(1151.074930029681, 194.72199037571212, 1200.3737046131998, 277.9229611819706)","(843.0, 516.0)",1272.7922061357856
"(664.0, 643.0, 772.0, 838.0)","(1150.4257742982002, 194.9668689862887, 1199.479241354665, 277.597309871687)","(831.0, 531.0)",1152.5623627379127
"(657.0, 646.0, 764.0, 837.0)","(1149.7598116175766, 195.4951572135067, 1199.5240581749597, 277.77950573918537)","(819.0, 540.0)",900.0
"(652.0, 642.0, 752.0, 838.0)","(1148.926968084783, 196.07375212395132, 1199.3310302233515, 278.41797511515796)","(807.0, 561.0)",1451.206394693739
"(654.0, 644.0, 736.0, 837.0)","(1148.2277800900413, 196.88028682814263, 1199.5019032056182, 279.3844915840605)","(792.0, 573.0)",1152.5623627379127
"(651.0, 647.0, 726.0, 838.0)","(1146.5312286262365, 196.39244774755372, 1198.2648897257773, 278.9704566146713)","(783.0, 576.0)",569.2099788303083
"(645.0, 646.0, 718.0, 840.0)","(1145.211676269571, 196.99963487466712, 1198.2021130251437, 278.9489138339877)","(771.0, 573.0)",742.1590126111789
"(634.0, 644.0, 714.0, 839.0)","(1143.5304673911942, 195.68394400032793, 1196.6669476781221, 277.48873863864816)","(762.0, 573.0)",540.0
"(636.0, 645.0, 711.0, 838.0)","(1141.2194814667957, 194.55621073046308, 1194.557956225516, 276.0885418725688)","(756.0, 579.0)",509.11688245431424
"(624.0, 645.0, 711.0, 835.0)","(1138.2869934542268, 194.62226377657026, 1191.3789857067204, 275.8227828593057)","(741.0, 582.0)",917.8235124467012
"(618.0, 646.0, 712.0, 834.0)","(1137.1361845642891, 194.30511160513075, 1190.2520844797286, 276.1401676731361)","(729.0, 588.0)",804.9844718999243
"(613.0, 649.0, 710.0, 831.0)","(1134.5764871521496, 192.12223608701396, 1188.2562510105345, 272.72809379132883)","(723.0, 588.0)",360.0
"(605.0, 647.0, 706.0, 833.0)","(1132.3039019191312, 191.1579888232592, 1185.6929841868912, 272.09917524789427)","(708.0, 591.0)",917.8235124467012
"(597.0, 646.0, 704.0, 832.0)","(1128.371796433139, 189.8871312618094, 1183.17524284218, 272.84651416635245)","(702.0, 597.0)",509.11688245431424
"(588.0, 646.0, 702.0, 831.0)","(1126.3125578051117, 187.6443670708539, 1181.6663945732753, 271.9571975393195)","(690.0, 600.0)",742.1590126111789
"(579.0, 647.0, 706.0, 832.0)","(1123.6676083816617, 184.23974572598289, 1179.6141225312379, 270.50779012206874)","(678.0, 606.0)",804.9844718999243
"(572.0, 651.0, 708.0, 833.0)","(1121.1924658449097, 185.17407405052924, 1176.7799006609862, 272.9844722850423)","(663.0, 612.0)",969.3296652842107
"(564.0, 652.0, 706.0, 836.0)","(1119.5021754625975, 183.76232814035993, 1175.293344208819, 273.5011654910095)","(654.0, 615.0)",569.2099788303083
"(559.0, 657.0, 700.0, 833.0)","(1117.475585236744, 181.2701860705729, 1172.0773783346547, 270.8008744690067)","(642.0, 618.0)",742.1590126111789
"(553.0, 660.0, 698.0, 832.0)","(1115.8781935934965, 181.62648646326653, 1169.2629817049499, 272.3177268780206)","(630.0, 633.0)",1152.5623627379127
"(551.0, 661.0, 694.0, 832.0)","(1113.1511447093417, 180.47387473353456, 1165.4012046275288, 271.24684940094966)","(606.0, 627.0)",1484.3180252223578
"(544.0, 660.0, 692.0, 828.0)","(1111.1229806327797, 179.44933479543437, 1161.6667252489851, 270.5197178378608)","(None, None)",117.45344822524369
"(533.0, 663.0, 690.0, 830.0)","(1110.1549566669387, 178.82188411752244, 1158.4637108348415, 270.84513267434824)","(None, None)",117.45344822524369
"(530.0, 665.0, 686.0, 831.0)","(1109.0910485960421, 177.6693126433051, 1155.3501949986721, 270.2023695534722)","(None, None)",117.45344822524369
"(527.0, 663.0, 683.0, 835.0)","(1108.1347459799783, 177.09594945728566, 1152.988886289668, 270.07666035317806)","(None, None)",117.45344822524369
"(524.0, 664.0, 671.0, 831.0)","(1106.7664456475038, 176.54067715103224, 1150.0475367000965, 269.2925525315913)","(None, None)",117.45344822524369
"(521.0, 667.0, 664.0, 829.0)","(1104.9948921049559, 176.03333962070397, 1147.3224461563154, 268.68669648582465)","(None, None)",117.45344822524369
"(526.0, 672.0, 655.0, 824.0)","(1103.0796775562228, 175.39929511208075, 1144.4600430680978, 267.92971174193997)","(None, None)",117.45344822524369
"(528.0, 673.0, 653.0, 823.0)","(1101.7121257405893, 174.6062127325797, 1141.690676543249, 267.3268508505586)","(None, None)",117.45344822524369
"(538.0, 678.0, 640.0, 825.0)","(1099.6890763956624, 173.6334764875846, 1138.5054031708917, 266.3065015671559)","(None, None)",117.45344822524369
"(535.0, 680.0, 628.0, 820.0)","(1098.183758838044, 172.21486208122516, 1136.5319805218714, 265.1285697124913)","(None, None)",117.45344822524369
"(530.0, 681.0, 630.0, 820.0)","(1095.835351191855, 170.72800548279994, 1134.0920216434615, 263.8891320192618)","(None, None)",117.45344822524369
"(527.0, 678.0, 630.0, 820.0)","(1093.6385677474655, 170.45264698044068, 1131.5487745597115, 263.8489607846266)","(None, None)",117.45344822524369
"(531.0, 681.0, 634.0, 820.0)","(1091.6042357802123, 170.6560692920457, 1129.9386992722918, 264.0667428511283)","(None, None)",117.45344822524369
"(528.0, 679.0, 629.0, 820.0)","(1088.6938517805488, 169.96605273939164, 1128.3681409154915, 263.77930187694653)","(None, None)",117.45344822524369
"(531.0, 679.0, 629.0, 822.0)","(1085.4788014050412, 169.4414422295576, 1126.4312191408478, 262.76857624794405)","(None, None)",117.45344822524369
"(531.0, 681.0, 631.0, 821.0)","(1080.931544939953, 168.8741403648374, 1123.3760451926776, 262.05843017973774)","(615.0, 597.0)",117.45344822524369
"(527.0, 681.0, 644.0, 819.0)","(1076.8313447342384, 169.32503241745852, 1120.6251626166386, 261.74329481351947)","(627.0, 579.0)",1297.9984591670361
"(528.0, 679.0, 654.0, 816.0)","(1072.4070983020986, 169.94047609968655, 1117.247872274597, 262.0337690596514)","(642.0, 558.0)",1548.4185480676729
"(531.0, 679.0, 661.0, 817.0)","(1068.2675389751003, 169.60363275469456, 1114.3005751926676, 261.2704770792111)","(663.0, 540.0)",1659.5180023127198
"(533.0, 678.0, 668.0, 817.0)","(1064.1414316820935, 169.2996884868906, 1111.3964909989984, 260.48487580973136)","(678.0, 525.0)",1272.7922061357856
"(532.0, 677.0, 675.0, 821.0)","(1059.587465305168, 169.92453550897272, 1107.91207896444, 260.03804089331084)","(684.0, 510.0)",969.3296652842107
"(531.0, 674.0, 674.0, 823.0)","(1056.1529482663132, 170.42536796844053, 1105.307382895051, 259.3088560376452)","(699.0, 498.0)",1152.5623627379127
"(530.0, 673.0, 677.0, 824.0)","(1053.3052231964355, 170.88214663249192, 1103.0796501375223, 258.6625039294732)","(714.0, 483.0)",1272.7922061357856
"(531.0, 671.0, 676.0, 825.0)","(1049.5305486054026, 171.8349993672142, 1100.3684279712356, 258.72353415745465)","(729.0, 471.0)",1152.5623627379127
"(532.0, 671.0, 678.0, 831.0)","(1048.2955316429761, 173.28976149608843, 1099.716647992278, 258.5235538935262)","(735.0, 453.0)",1138.4199576606165
"(533.0, 673.0, 678.0, 833.0)","(1047.4039827060128, 174.4958195455063, 1099.0350843689976, 258.3013270416633)","(750.0, 438.0)",1272.7922061357856
"(535.0, 673.0, 679.0, 834.0)","(1046.804090629421, 175.10292477409797, 1097.9054120965588, 257.88173511493176)","(759.0, 426.0)",900.0
"(539.0, 672.0, 679.0, 835.0)","(1046.092308521533, 175.32759965180145, 1097.4312267983375, 257.779578338373)","(774.0, 420.0)",969.3296652842107
"(543.0, 672.0, 680.0, 836.0)","(1045.3755239508212, 176.26221896858533, 1097.3040035255774, 258.0594805284395)","(783.0, 408.0)",900.0
"(545.0, 672.0, 681.0, 838.0)","(1044.1708415489693, 176.3395418018781, 1096.2259532547419, 257.8306806943184)","(792.0, 399.0)",763.6753236814714
"(550.0, 669.0, 683.0, 839.0)","(1044.1986912006607, 176.70872928228516, 1095.8078604995574, 257.75578843212645)","(801.0, 390.0)",763.6753236814714
"(554.0, 668.0, 681.0, 842.0)","(1043.8448329994746, 176.64472323436448, 1094.9678659220237, 257.6662840959448)","(813.0, 381.0)",900.0
"(556.0, 668.0, 682.0, 842.0)","(1043.0683242427594, 176.97934281634585, 1094.1328490466144, 257.8143816567401)","(825.0, 372.0)",900.0
"(558.0, 667.0, 680.0, 842.0)","(1040.9565379635487, 177.368159008345, 1092.4323927021, 258.5556071152125)","(831.0, 360.0)",804.9844718999243
"(561.0, 666.0, 680.0, 840.0)","(1038.2746829010807, 176.78532638370208, 1090.7328798132094, 258.838007363064)","(840.0, 354.0)",648.9992295835181
"(564.0, 666.0, 680.0, 841.0)","(1037.0571526301148, 177.3658132435334, 1090.357481513099, 259.603051810778)","(849.0, 342.0)",900.0
"(565.0, 665.0, 681.0, 841.0)","(1033.2463983191049, 177.6218371600307, 1087.364616844836, 259.19823411540335)","(858.0, 336.0)",648.9992295835181
"(568.0, 663.0, 681.0, 841.0)","(1030.315099683081, 177.61126196282873, 1085.331488617725, 258.8968603361313)","(864.0, 321.0)",969.3296652842107
"(570.0, 661.0, 681.0, 842.0)","(1028.8470731137556, 177.45975795584903, 1084.5294009045167, 258.02636611606414)","(876.0, 318.0)",742.1590126111789
"(572.0, 659.0, 681.0, 846.0)","(1027.2941233511754, 177.47714062842726, 1083.5331771824106, 257.47858344063195)","(885.0, 312.0)",648.9992295835181
"(573.0, 659.0, 681.0, 847.0)","(1026.6076602129087, 177.51915050284373, 1082.8739988944512, 257.0546029394551)","(891.0, 303.0)",648.9992295835181
"(576.0, 658.0, 681.0, 845.0)","(1025.494647390265, 177.64128236617847, 1082.1877028022823, 257.07780829969965)","(897.0, 306.0)",402.49223594996215
"(577.0, 658.0, 680.0, 845.0)","(1024.2842300633833, 177.89432084998282, 1081.5827250158213, 257.2623914217429)","(906.0, 294.0)",900.0
"(578.0, 658.0, 681.0, 849.0)","(1024.3594831787382, 177.4533304333456, 1081.5150930949872, 257.33760693076357)","(909.0, 291.0)",254.55844122715712
"(580.0, 657.0, 682.0, 848.0)","(1022.5592801128554, 177.14378026058185, 1080.4756227003447, 257.67440859348955)","(915.0, 285.0)",509.11688245431424
"(580.0, 658.0, 685.0, 852.0)","(1023.1645437578289, 177.1623104147058, 1080.6827590560536, 257.88596281583284)","(924.0, 282.0)",569.2099788303083
"(582.0, 658.0, 688.0, 855.0)","(1022.2909017235324, 176.22295702757646, 1079.9050344600678, 257.7468096632991)","(None, None)",1798.249148477485
"(581.0, 658.0, 689.0, 856.0)","(1022.3346270745657, 175.7969170303417, 1080.0363385488513, 258.32811108023077)","(None, None)",1798.249148477485
"(580.0, 660.0, 691.0, 858.0)","(1021.9258907665525, 174.6472934821645, 1080.1097234007998, 257.8606897510484)","(None, None)",1798.249148477485
"(581.0, 662.0, 693.0, 860.0)","(1021.318171380733, 173.46840335169446, 1079.9445184000856, 257.6150245517915)","(None, None)",1798.249148477485
"(580.0, 663.0, 693.0, 861.0)","(1021.1730135595097, 173.1363641276423, 1080.3926711958497, 258.77100054131716)","(None, None)",1798.249148477485
"(581.0, 665.0, 694.0, 862.0)","(1021.6722209308592, 172.546433386091, 1081.822601143855, 258.813625749176)","(1083.0, 198.0)",1798.249148477485
"(581.0, 666.0, 693.0, 863.0)","(1021.9848177204066, 171.3365375557978, 1081.005015700082, 258.4935002585396)","(None, None)",3309.2597359530423
"(581.0, 666.0, 695.0, 864.0)","(1022.4708201761895, 170.11264379281658, 1080.2987312925638, 258.14261268217535)","(981.0, 240.0)",3309.2597359530423
"(583.0, 667.0, 697.0, 866.0)","(1022.9725546113295, 168.9825751312539, 1079.3116267697678, 257.7950204809195)","(987.0, 234.0)",509.11688245431424
"(585.0, 667.0, 697.0, 866.0)","(1024.1296433840807, 167.51010392138775, 1079.7099394653087, 256.916470895159)","(990.0, 231.0)",254.55844122715712
"(587.0, 668.0, 697.0, 867.0)","(1024.0715794875007, 165.3932108547615, 1078.5902773320615, 255.1430274951598)","(996.0, 231.0)",360.0
"(589.0, 667.0, 698.0, 869.0)","(1023.2893958002873, 163.5457075312147, 1075.862776527219, 254.16937947909997)","(1002.0, 231.0)",360.0
"(593.0, 667.0, 699.0, 869.0)","(1025.3322614940196, 161.83862719696052, 1077.2242965967005, 252.53096557813765)","(None, None)",1848.3506160899235
"(597.0, 667.0, 701.0, 868.0)","(1024.095434215625, 161.05856698218514, 1073.366529695271, 252.30443750828346)","(None, None)",1848.3506160899235
"(601.0, 663.0, 702.0, 872.0)","(1024.9865675821543, 159.76410477503964, 1072.8211344400856, 251.56274001010098)","(1056.0, 156.0)",1848.3506160899235
"(605.0, 663.0, 703.0, 872.0)","(1025.9553103901364, 158.17173227254432, 1072.4068120566155, 250.35649386294727)","(1017.0, 222.0)",4599.69564210503
"(610.0, 662.0, 704.0, 872.0)","(1026.0415111476223, 157.2034700246013, 1072.5257218895895, 249.8086284993703)","(None, None)",9984.728338818237
"(612.0, 662.0, 703.0, 873.0)","(1025.7001144097262, 156.7073488238088, 1072.6955643431688, 249.26668055193352)","(None, None)",9984.728338818237
"(614.0, 662.0, 704.0, 873.0)","(1025.7884991726642, 156.67597379432118, 1072.6541034717384, 248.88414478682728)","(None, None)",9984.728338818237
"(617.0, 662.0, 704.0, 873.0)","(1026.264344041977, 156.56083121014305, 1074.2943818091476, 248.78828782641418)","(705.0, 810.0)",9984.728338818237
"(620.0, 660.0, 705.0, 873.0)","(1025.261629212491, 156.22594449583514, 1073.6709578060197, 248.32625993810447)","(705.0, 810.0)",0.0
"(622.0, 660.0, 706.0, 873.0)","(1024.1329004695453, 156.38503709614707, 1073.2454278227915, 248.13428738984203)","(None, None)",90.0
"(624.0, 659.0, 706.0, 873.0)","(1023.442082242356, 156.44085684728825, 1074.0343685412265, 247.4045803911225)","(None, None)",90.0
"(626.0, 661.0, 706.0, 873.0)","(1021.1301123640181, 155.7310178503769, 1072.5788522420407, 246.38983528369332)","(None, None)",90.0
"(627.0, 659.0, 708.0, 873.0)","(1020.3209146029369, 156.63341050684608, 1071.7911769016257, 246.89248415423162)","(None, None)",90.0
"(627.0, 662.0, 710.0, 874.0)","(1018.807916798022, 156.8548193786456, 1071.0536012927694, 246.7925022173586)","(None, None)",90.0
"(629.0, 660.0, 712.0, 875.0)","(1018.3041174220316, 157.97994447332997, 1072.389747352045, 246.67212215483892)","(None, None)",90.0
"(629.0, 660.0, 712.0, 877.0)","(1017.7466750705418, 159.2708122457973, 1073.3658086192404, 246.74981021957325)","(None, None)",90.0
"(630.0, 661.0, 711.0, 878.0)","(1016.9608398713749, 160.21132730331325, 1073.7071237821197, 246.66799971542108)","(None, None)",90.0
"(630.0, 662.0, 711.0, 880.0)","(1015.6140834603428, 161.15837324214283, 1072.8927356756005, 246.78538769053773)","(None, None)",90.0
"(632.0, 662.0, 712.0, 883.0)","(1014.7335654853867, 161.5340237312915, 1072.5949156642653, 246.51042095937075)","(720.0, 810.0)",90.0
"(633.0, 663.0, 714.0, 885.0)","(1014.0797408601921, 161.8394985045582, 1072.3320341237152, 246.32752000962216)","(720.0, 807.0)",180.0
"(633.0, 664.0, 715.0, 887.0)","(1014.0470749805761, 161.4125541206788, 1072.6011316868533, 245.99302289635705)","(None, None)",21150.19148849485
"(633.0, 664.0, 715.0, 889.0)","(1013.4806602497828, 161.56240204286792, 1072.1000186101069, 246.06669869269746)","(1095.0, 210.0)",21150.19148849485
"(634.0, 666.0, 715.0, 885.0)","(1013.5790893225948, 161.36798468196537, 1072.8561646337184, 245.9226403644002)","(1101.0, 213.0)",402.49223594996215
"(633.0, 666.0, 715.0, 888.0)","(1013.8352448371621, 161.1514508055331, 1073.5293947857595, 245.79824763150157)","(1107.0, 213.0)",360.0
"(634.0, 666.0, 714.0, 892.0)","(1013.896427112006, 160.35382678004552, 1074.1359511461676, 245.0965212975165)","(None, None)",0.0
"(633.0, 668.0, 714.0, 892.0)","(1014.1979126847571, 160.0107511012622, 1074.457338783878, 244.81879101064072)","(1107.0, 213.0)",0.0
"(635.0, 668.0, 716.0, 897.0)","(1014.9769024844361, 158.9829286901894, 1075.0791722774964, 244.8676004946504)","(1116.0, 219.0)",648.9992295835181
"(634.0, 670.0, 714.0, 894.0)","(1016.2382717368824, 157.93255570514157, 1076.1928418671284, 244.7544171203)","(1116.0, 219.0)",0.0
"(634.0, 669.0, 714.0, 900.0)","(1017.8312073999675, 156.41713591386755, 1077.2536822008663, 243.83655276381435)","(1119.0, 219.0)",180.0
"(634.0, 671.0, 712.0, 900.0)","(1018.692217977145, 155.86846673516092, 1078.1495116477536, 244.04979365289265)","(1125.0, 219.0)",360.0
"(634.0, 671.0, 710.0, 899.0)","(1020.8896524311565, 154.5138581329617, 1079.6563103647957, 242.64535805427906)","(1125.0, 225.0)",360.0
"(634.0, 670.0, 707.0, 899.0)","(1022.1439096440786, 153.3913537153486, 1081.1768602670832, 241.67238415506597)","(None, None)",90.0
"(633.0, 670.0, 708.0, 898.0)","(1025.470373309557, 152.55399834027656, 1083.3157987586646, 240.37814976050362)","(1128.0, 225.0)",90.0
"(634.0, 670.0, 709.0, 898.0)","(1028.4539265111528, 151.03896904601692, 1084.8259411151387, 238.76891734067812)","(1134.0, 231.0)",509.11688245431424
"(634.0, 670.0, 710.0, 898.0)","(1030.6400428602365, 150.18805010680265, 1086.0641192348721, 238.12721389245488)","(1137.0, 228.0)",254.55844122715712
"(634.0, 670.0, 710.0, 898.0)","(1032.8789936684293, 148.90711086358618, 1087.2291322992155, 237.30314059465667)","(1140.0, 228.0)",180.0
"(635.0, 670.0, 710.0, 898.0)","(1035.387842771298, 148.08142183690643, 1088.5834730497318, 236.91538670641285)","(1143.0, 231.0)",254.55844122715712
"(635.0, 671.0, 712.0, 898.0)","(1039.0518090710352, 147.08240866385938, 1090.9122772662104, 236.60150887731044)","(1146.0, 234.0)",254.55844122715712
"(636.0, 671.0, 713.0, 898.0)","(1041.8637176233103, 146.28868157830155, 1092.4686026101992, 236.79755288241498)","(1149.0, 237.0)",254.55844122715712
"(636.0, 672.0, 714.0, 898.0)","(1043.277585286707, 145.1301523493071, 1093.1641977837944, 236.61883792382648)","(1149.0, 240.0)",180.0
"(638.0, 672.0, 715.0, 898.0)","(1045.2673366215736, 144.6215206219242, 1094.0013617557315, 237.24056424764356)","(1152.0, 243.0)",254.55844122715712
"(639.0, 673.0, 716.0, 897.0)","(1046.7166989217671, 143.91218266193417, 1094.6440387592556, 237.09740541148594)","(None, None)",284.60498941515414
"(640.0, 674.0, 718.0, 896.0)","(1047.87081462445, 143.08847808674162, 1095.2649659712713, 236.9528529504785)","(1161.0, 246.0)",284.60498941515414
"(637.0, 674.0, 719.0, 894.0)","(1048.5798500007847, 141.88440415001003, 1095.801096678061, 236.38928763178694)","(1161.0, 249.0)",180.0
"(638.0, 674.0, 720.0, 894.0)","(1049.4288349817389, 141.4500061718145, 1096.5321779159822, 236.84455246341093)","(1164.0, 249.0)",180.0
"(639.0, 674.0, 721.0, 895.0)","(1050.1931048218453, 141.36088181827733, 1097.1254612279226, 237.45002199614044)","(1164.0, 243.0)",360.0
"(641.0, 676.0, 725.0, 894.0)","(1051.9968767349937, 141.144568480319, 1098.2524475119085, 237.37913162023162)","(1167.0, 240.0)",254.55844122715712
"(642.0, 677.0, 728.0, 894.0)","(1053.1095373242954, 141.01217906687515, 1099.0847440216232, 237.18790506091074)","(1167.0, 234.0)",360.0
"(643.0, 678.0, 729.0, 894.0)","(1054.0889347021107, 140.81031311517867, 1100.0545759207025, 236.66103084734314)","(1170.0, 231.0)",254.55844122715712
"(643.0, 679.0, 733.0, 895.0)","(1054.9720643364083, 140.9289393135263, 1101.3431529414677, 236.5455552001826)","(1173.0, 225.0)",402.49223594996215
"(644.0, 681.0, 734.0, 895.0)","(1055.2907966156151, 141.0277920747975, 1102.4399768859432, 236.71943670988918)","(1173.0, 222.0)",180.0
"(645.0, 681.0, 736.0, 896.0)","(1054.95456684955, 140.01007268090143, 1103.0578861152583, 235.95165685222474)","(1176.0, 216.0)",402.49223594996215
"(645.0, 680.0, 738.0, 897.0)","(1054.7928737221284, 140.35725069172454, 1103.8753769419334, 236.1365508387921)","(1173.0, 213.0)",254.55844122715712
"(646.0, 680.0, 740.0, 898.0)","(1056.0862128845306, 141.15452785655296, 1105.222885823774, 236.45717578053578)","(1176.0, 213.0)",180.0
"(646.0, 680.0, 741.0, 899.0)","(1056.7772058247037, 141.53027109363663, 1105.918737501483, 236.26875364568625)","(1176.0, 204.0)",540.0
"(647.0, 680.0, 743.0, 900.0)","(1057.5836441380918, 141.19395455648083, 1106.6605721687, 235.72099704384368)","(None, None)",90.0
"(648.0, 680.0, 745.0, 900.0)","(1058.8976195457485, 141.32319493404862, 1107.622723412378, 235.741814360709)","(1179.0, 204.0)",90.0
"(649.0, 679.0, 746.0, 901.0)","(1061.1793638009035, 142.6108376189418, 1108.9836701213517, 235.93625408291825)","(None, None)",284.60498941515414
"(649.0, 681.0, 748.0, 902.0)","(1063.3974022206748, 143.76653938414742, 1110.0851975438613, 236.07683455717907)","(1182.0, 195.0)",284.60498941515414
"(651.0, 680.0, 750.0, 903.0)","(1065.7403572652497, 144.38464111177524, 1111.0327259809465, 235.62904761351513)","(1185.0, 192.0)",254.55844122715712
"(652.0, 682.0, 750.0, 903.0)","(1068.3997277309813, 143.92046688356453, 1111.5889805985485, 234.8488366071901)","(1188.0, 198.0)",402.49223594996215
"(653.0, 681.0, 751.0, 905.0)","(1071.3294428580796, 143.76177664099214, 1112.357821151473, 234.29074361047742)","(1182.0, 189.0)",648.9992295835181
"(653.0, 681.0, 752.0, 906.0)","(1073.5608437320568, 142.57940887857592, 1113.2836287275834, 233.44492280958718)","(1182.0, 198.0)",540.0
"(654.0, 681.0, 752.0, 906.0)","(1075.8802284046155, 141.87236832535856, 1113.5010560875312, 232.55903683190408)","(1188.0, 183.0)",969.3296652842107
"(655.0, 681.0, 751.0, 905.0)","(1077.2943852194255, 141.3896535255567, 1113.539671858102, 232.11954945957433)","(None, None)",90.0
"(656.0, 681.0, 749.0, 906.0)","(1078.5353068195145, 140.72413971287557, 1113.8249783450192, 231.98189305854885)","(1188.0, 186.0)",90.0
"(656.0, 682.0, 747.0, 905.0)","(1079.3670879778817, 139.85383537948684, 1114.434928534167, 231.63150339281714)","(None, None)",127.27922061357856
"(657.0, 681.0, 746.0, 906.0)","(1080.089185125609, 139.62865688211855, 1114.925731972283, 232.10080466785615)","(1191.0, 183.0)",127.27922061357856
"(658.0, 682.0, 747.0, 907.0)","(1080.5515071547125, 138.76401162987963, 1115.2880633204945, 231.84213900100553)","(None, None)",127.27922061357856
"(659.0, 683.0, 747.0, 907.0)","(1081.3498065088072, 137.9647236637012, 1116.0089782031403, 231.63117830011424)","(1194.0, 180.0)",127.27922061357856
"(660.0, 684.0, 748.0, 907.0)","(1081.9376850105127, 137.5167158456737, 1116.588204693554, 231.37823437500847)","(None, None)",90.0
"(661.0, 685.0, 748.0, 907.0)","(1082.3822678700872, 136.7433363501156, 1116.809652049973, 230.1232301015611)","(1194.0, 183.0)",90.0
"(662.0, 689.0, 745.0, 906.0)","(1082.7923726538822, 136.44704175308428, 1117.0978916962042, 229.50634522072053)","(None, None)",7436.370082237704
"(662.0, 690.0, 745.0, 905.0)","(1083.5829533800802, 136.92178840976615, 1118.1242234057481, 230.15147866525078)","(None, None)",7436.370082237704
"(1018.0, 609.0, 1149.0, 847.0)","(1083.5829533800802, 136.92178840976615, 1118.1242234057481, 230.15147866525078)","(1101.0, 543.0)",7436.370082237704
"(1019.0, 610.0, 1149.0, 848.0)","(1083.5829533800802, 136.92178840976615, 1118.1242234057481, 230.15147866525078)","(1098.0, 534.0)",569.2099788303083
"(1019.0, 614.0, 1149.0, 847.0)","(1083.5829533800802, 136.92178840976615, 1118.1242234057481, 230.15147866525078)","(1098.0, 528.0)",360.0
"(1020.0, 611.0, 1156.0, 846.0)","(711.8397671556522, 147.64030382763255, 768.2304958124148, 236.05444578623147)","(1098.0, 519.0)",540.0
"(1021.0, 612.0, 1152.0, 847.0)","(711.6547793117352, 147.5380097705986, 768.1025000341879, 236.41222507075958)","(1095.0, 510.0)",569.2099788303083
"(1020.0, 608.0, 1146.0, 847.0)","(711.4751447165787, 147.37011066964774, 768.0333814237496, 236.57748820273403)","(1095.0, 504.0)",360.0
"(1022.0, 612.0, 1158.0, 845.0)","(711.5108299108977, 147.3235601135233, 768.1836560692682, 236.73916032785266)","(1098.0, 498.0)",402.49223594996215
"(1022.0, 614.0, 1155.0, 845.0)","(711.3575377939296, 147.45833528429046, 768.1354635343912, 236.97654660879806)","(1095.0, 492.0)",402.49223594996215
"(1023.0, 619.0, 1158.0, 847.0)","(711.1891736054195, 147.5058419005677, 767.9979761047637, 237.11864557051877)","(1098.0, 486.0)",402.49223594996215
"(1025.0, 615.0, 1164.0, 850.0)","(710.9537528814737, 147.52604647037185, 768.0423673088208, 237.2776163474104)","(1092.0, 480.0)",509.11688245431424
"(1023.0, 614.0, 1159.0, 844.0)","(710.7845901905188, 147.63043696081365, 768.0663772068664, 237.37903628262956)","(1095.0, 474.0)",402.49223594996215
"(1023.0, 609.0, 1154.0, 844.0)","(710.7828378372267, 147.76370100724873, 768.1549080768657, 237.4110064890783)","(1095.0, 468.0)",360.0
"(1023.0, 611.0, 1155.0, 844.0)","(711.0000254045208, 147.61166142403056, 768.2455803325458, 237.26502879105345)","(1089.0, 462.0)",509.11688245431424
"(1027.0, 611.0, 1163.0, 848.0)","(711.1542586635917, 147.5514579650261, 768.2711285177381, 237.24365982276976)","(1095.0, 459.0)",402.49223594996215
"(1025.0, 611.0, 1158.0, 843.0)","(711.2073489819106, 147.79132961725008, 768.254425191561, 237.49422992937252)","(1089.0, 456.0)",402.49223594996215
"(1028.0, 613.0, 1152.0, 843.0)","(711.1300696322996, 147.64624284538814, 768.2026112551018, 237.49974113372662)","(1089.0, 447.0)",540.0
"(1030.0, 614.0, 1155.0, 844.0)","(710.9007429273593, 147.40865605823285, 768.1514679189067, 237.4748742827117)","(1089.0, 447.0)",0.0
"(1030.0, 617.0, 1153.0, 844.0)","(710.9645699408059, 147.285002741066, 768.3198045821248, 237.50664960321026)","(1089.0, 438.0)",540.0
"(1031.0, 619.0, 1151.0, 846.0)","(711.0200583807333, 147.2559777448227, 768.4514766795793, 237.5457053810369)","(1092.0, 441.0)",254.55844122715712
"(1033.0, 619.0, 1150.0, 846.0)","(711.0256286424575, 147.10454564792656, 768.5082988406401, 237.48380449434268)","(1086.0, 432.0)",648.9992295835181
"(1033.0, 619.0, 1149.0, 847.0)","(710.998384142594, 146.9980414385045, 768.4418481391008, 237.44015651412897)","(1089.0, 429.0)",254.55844122715712
"(1029.0, 619.0, 1166.0, 844.0)","(711.0547691700674, 146.99260570104366, 768.4094515224174, 237.45033774922297)","(1089.0, 426.0)",180.0
"(1033.0, 621.0, 1145.0, 845.0)","(711.0655547757069, 146.98353632715282, 768.2686388289605, 237.42627359442605)","(1086.0, 426.0)",180.0
"(1036.0, 622.0, 1148.0, 844.0)","(710.8976867273616, 147.06391451932944, 768.0424824593581, 237.43212527137626)","(1086.0, 423.0)",180.0
"(1041.0, 623.0, 1144.0, 845.0)","(710.7207354744424, 147.18494939903945, 767.8731590297624, 237.39056541223744)","(1083.0, 423.0)",180.0
"(1042.0, 625.0, 1137.0, 845.0)","(710.7654331939962, 147.38443067069454, 767.8134085127442, 237.3584658963203)","(1086.0, 420.0)",254.55844122715712
"(1042.0, 623.0, 1135.0, 844.0)","(710.7836879376986, 147.56297790526608, 767.7480878239081, 237.35580349127318)","(1083.0, 426.0)",402.49223594996215
"(1043.0, 626.0, 1128.0, 844.0)","(710.2470266131313, 147.68596604527653, 767.415210740679, 237.18638576721412)","(1083.0, 426.0)",0.0
"(1043.0, 628.0, 1128.0, 844.0)","(710.2082278830721, 148.07600500798608, 767.350761015399, 237.13498195893922)","(1083.0, 420.0)",360.0
"(1042.0, 631.0, 1121.0, 842.0)","(710.6998326217714, 149.04618239217584, 767.6063388552424, 237.51721029382398)","(1080.0, 423.0)",254.55844122715712
"(1042.0, 635.0, 1120.0, 842.0)","(710.989984945558, 150.26488754536862, 767.4980475544953, 238.03191757474488)","(1077.0, 423.0)",180.0
"(1042.0, 629.0, 1118.0, 843.0)","(711.1791842005649, 151.05228006709302, 767.3163375507123, 238.24332770936047)","(1080.0, 423.0)",180.0
"(1043.0, 629.0, 1115.0, 844.0)","(711.3879679803446, 151.72764358980425, 767.2236814957163, 238.46957038776316)","(1074.0, 426.0)",402.49223594996215
"(1045.0, 622.0, 1113.0, 845.0)","(711.4010995215147, 152.31522732939112, 767.088020097121, 238.61046143049873)","(1074.0, 426.0)",0.0
"(1042.0, 622.0, 1111.0, 845.0)","(711.3862156662863, 152.91515085885754, 766.9734574729002, 238.81804403081395)","(1074.0, 426.0)",0.0
"(1040.0, 611.0, 1108.0, 842.0)","(711.3341049767113, 153.37818700209826, 766.8228362120127, 238.90705514275967)","(1074.0, 426.0)",0.0
"(1038.0, 610.0, 1106.0, 842.0)","(711.3909075547931, 153.68266056998445, 766.8165875752911, 238.91748706270621)","(1074.0, 429.0)",180.0
"(1032.0, 618.0, 1107.0, 839.0)","(711.4166381789546, 153.6316946799252, 766.8286295678276, 238.7197603982267)","(1077.0, 438.0)",569.2099788303083
"(1025.0, 616.0, 1107.0, 839.0)","(711.3762613293237, 153.5015274628914, 766.839663132897, 238.5263795221201)","(1074.0, 438.0)",180.0
"(1017.0, 608.0, 1104.0, 838.0)","(711.2230073917132, 153.22442417876078, 766.795815114902, 238.28698589352774)","(1074.0, 438.0)",0.0
"(1015.0, 591.0, 1104.0, 838.0)","(710.9499491924274, 153.00902450611937, 766.7319560466618, 238.0942083138118)","(1071.0, 441.0)",254.55844122715712
"(1020.0, 598.0, 1104.0, 836.0)","(710.9654032325437, 152.43493460025246, 766.7801896521888, 237.6632620853518)","(1074.0, 447.0)",402.49223594996215
"(1023.0, 591.0, 1104.0, 838.0)","(710.8967923079058, 152.08692475419838, 766.6655711744843, 237.24795105028284)","(1068.0, 450.0)",402.49223594996215
"(1023.0, 598.0, 1103.0, 837.0)","(711.3457777882577, 151.41905670636913, 766.8847208487061, 236.83305609684885)","(1068.0, 456.0)",360.0
"(1017.0, 618.0, 1102.0, 837.0)","(711.3833682884431, 150.39429515658026, 766.6733096647952, 236.38158020743896)","(1071.0, 459.0)",254.55844122715712
"(1023.0, 628.0, 1104.0, 835.0)","(711.6877390173539, 149.4122348852564, 766.8592687401975, 236.08519837755972)","(1068.0, 462.0)",254.55844122715712
"(1031.0, 630.0, 1106.0, 827.0)","(711.7831949530613, 148.49382750542784, 766.9133472134557, 235.6871721363805)","(1065.0, 468.0)",402.49223594996215
"(1031.0, 620.0, 1107.0, 822.0)","(711.825474691376, 147.93105620741957, 767.0827973242867, 235.6039638508935)","(1068.0, 474.0)",402.49223594996215
"(1032.0, 612.0, 1109.0, 819.0)","(712.2664011609817, 147.24984922404303, 767.7745442809697, 235.55836112103776)","(1065.0, 477.0)",254.55844122715712
"(1028.0, 595.0, 1113.0, 814.0)","(712.5963676015922, 146.40829100113385, 768.522036430333, 235.3106490377941)","(1065.0, 483.0)",360.0
"(1030.0, 597.0, 1116.0, 815.0)","(711.9708161475206, 145.5516120345024, 768.9163410483728, 234.94981198342492)","(1065.0, 489.0)",360.0
"(1030.0, 568.0, 1117.0, 809.0)","(714.366402964425, 145.52633043734937, 770.7485277614247, 235.48395174011023)","(1059.0, 495.0)",509.11688245431424
"(1034.0, 557.0, 1121.0, 815.0)","(715.6749033072263, 145.50736657309918, 771.371739459375, 235.97843898979474)","(1056.0, 486.0)",569.2099788303083
"(1032.0, 584.0, 1122.0, 806.0)","(717.3757471235125, 145.59045911094967, 772.2005000101066, 236.51884810530635)","(1029.0, 483.0)",1629.969324864735
"(1032.0, 581.0, 1126.0, 806.0)","(719.4680172405992, 145.75421057399652, 773.2761460784402, 237.19415657968668)","(1005.0, 462.0)",1913.4262462922368
"(1032.0, 586.0, 1129.0, 809.0)","(721.9987478261053, 145.89780502411045, 774.7109869742667, 237.24838079204554)","(978.0, 459.0)",1629.969324864735
"(1033.0, 596.0, 1134.0, 813.0)","(723.7902928311757, 146.37209437636963, 775.5891186262222, 237.64277028764823)","(969.0, 444.0)",1049.5713410721542
"(1032.0, 599.0, 1138.0, 812.0)","(726.1813186296605, 146.3440429571301, 777.3462541402574, 237.869025590104)","(930.0, 426.0)",2577.2077913897438
"(1033.0, 614.0, 1141.0, 814.0)","(728.087845750143, 147.15259194678674, 778.8108912913052, 238.74093308370362)","(921.0, 417.0)",763.6753236814714
"(1032.0, 613.0, 1141.0, 811.0)","(730.1806097777652, 148.0488164829236, 780.6261374744457, 239.19958878889838)","(900.0, 411.0)",1310.4197800704933
"(1032.0, 616.0, 1144.0, 808.0)","(731.8450446087929, 149.34920792143714, 782.4106535686071, 240.0997045138967)","(882.0, 399.0)",1297.9984591670361
"(1034.0, 621.0, 1145.0, 806.0)","(733.1504281798358, 150.68022498407413, 784.450854397379, 240.74392614190782)","(867.0, 387.0)",1152.5623627379127
"(1031.0, 618.0, 1149.0, 806.0)","(734.1846177919974, 151.83928778099073, 787.1402971958635, 241.18295522148935)","(852.0, 381.0)",969.3296652842107
"(1030.0, 617.0, 1148.0, 807.0)","(734.1682826288757, 153.07928494075105, 789.2734980051309, 241.14861229653866)","(831.0, 375.0)",1310.4197800704933
"(1029.0, 621.0, 1147.0, 808.0)","(733.9983263700518, 154.4370215693849, 790.8689830940469, 241.21526512495421)","(822.0, 369.0)",648.9992295835181
"(1029.0, 620.0, 1143.0, 814.0)","(733.5452266912213, 155.92814349698625, 791.9922390328053, 241.3869182041197)","(810.0, 366.0)",742.1590126111789
"(1028.0, 625.0, 1141.0, 815.0)","(733.0804469911054, 158.71673038597007, 792.4292867777904, 241.99834388536678)","(798.0, 363.0)",742.1590126111789
"(1024.0, 626.0, 1132.0, 817.0)","(732.8228675760058, 160.50064412991378, 792.5529731643462, 242.1962302039421)","(780.0, 357.0)",1138.4199576606165
"(1023.0, 628.0, 1121.0, 813.0)","(733.0794821891037, 161.9605664674721, 792.872496637434, 242.1498007769778)","(771.0, 351.0)",648.9992295835181
"(1017.0, 629.0, 1123.0, 816.0)","(734.3244931856048, 163.34778803172327, 793.1303701484314, 242.30668818486663)","(756.0, 351.0)",900.0
"(1017.0, 632.0, 1124.0, 814.0)","(736.0261015901851, 164.10231831944952, 793.7800650419026, 242.22308374843027)","(747.0, 348.0)",569.2099788303083
"(1012.0, 632.0, 1123.0, 814.0)","(736.1344423918888, 165.01351569500338, 793.4361622824185, 242.54452860821294)","(744.0, 345.0)",254.55844122715712
"(1010.0, 632.0, 1122.0, 817.0)","(735.9851706498955, 165.1640431019589, 793.1447613710927, 241.5926901835141)","(732.0, 342.0)",742.1590126111789
"(1008.0, 631.0, 1122.0, 815.0)","(736.4554193137791, 166.90309093526704, 793.3625592814204, 242.63266174872135)","(720.0, 339.0)",742.1590126111789
"(1009.0, 630.0, 1122.0, 816.0)","(737.0743878617868, 167.43495675018806, 793.630393224829, 242.4959236516139)","(711.0, 336.0)",569.2099788303083
"(1012.0, 630.0, 1119.0, 815.0)","(737.1505518027986, 167.73281900452372, 793.4290673875855, 242.4116834570363)","(705.0, 339.0)",402.49223594996215
"(1013.0, 630.0, 1116.0, 813.0)","(737.4023554645026, 168.0239566784574, 793.3421627918284, 242.44108048604278)","(None, None)",849.0583018850944
"(1011.0, 629.0, 1114.0, 812.0)","(738.1761332384519, 167.14982612696087, 793.3703208749976, 241.91982347075668)","(681.0, 324.0)",849.0583018850944
"(1012.0, 629.0, 1114.0, 813.0)","(738.6850655575417, 166.8061572582443, 793.3319950977657, 241.8048730626786)","(684.0, 312.0)",742.1590126111789
"(1011.0, 627.0, 1113.0, 810.0)","(738.4384774760041, 166.562908835078, 792.8185509188123, 242.01725214813493)","(678.0, 297.0)",969.3296652842107
"(1014.0, 624.0, 1109.0, 815.0)","(737.1506155591328, 165.96893080789806, 791.9680391285312, 242.17716087203002)","(672.0, 282.0)",969.3296652842107
"(1012.0, 621.0, 1111.0, 815.0)","(736.6874980015148, 165.14719201484405, 791.5750277622271, 241.99060482486942)","(666.0, 276.0)",509.11688245431424
"(1012.0, 620.0, 1113.0, 813.0)","(736.5564203630948, 165.0837995126941, 791.7329657805627, 241.8780941302793)","(657.0, 267.0)",763.6753236814714
"(1013.0, 624.0, 1113.0, 809.0)","(735.897786288783, 164.7946703609237, 790.8526806044254, 243.1049587342008)","(654.0, 252.0)",917.8235124467012
"(1013.0, 616.0, 1110.0, 810.0)","(735.4813858336194, 163.89792785763655, 790.2370387463476, 242.3900382783711)","(645.0, 243.0)",763.6753236814714
"(1015.0, 614.0, 1109.0, 810.0)","(734.5988561261149, 163.31703231126323, 788.7556729569255, 242.14021391776276)","(642.0, 234.0)",569.2099788303083
"(1016.0, 616.0, 1108.0, 810.0)","(733.9414531326258, 162.79688309064767, 787.3549459394205, 241.88314124903428)","(636.0, 222.0)",804.9844718999243
"(1017.0, 615.0, 1107.0, 811.0)","(733.5895824098567, 162.03117142128616, 786.3068888331978, 241.50774636685657)","(630.0, 213.0)",648.9992295835181
"(1017.0, 611.0, 1105.0, 811.0)","(733.8304743685391, 161.53044645100144, 785.1570902061732, 241.41821425377205)","(627.0, 210.0)",254.55844122715712
"(1016.0, 610.0, 1104.0, 809.0)","(734.1597877559634, 161.0956017124231, 783.6809917792134, 241.60075724429362)","(621.0, 204.0)",509.11688245431424
"(1016.0, 608.0, 1103.0, 809.0)","(734.6023045357482, 160.34833788484454, 782.8787012481395, 241.51137920660742)","(615.0, 192.0)",804.9844718999243
"(1016.0, 607.0, 1102.0, 808.0)","(734.7554350319438, 159.76377697927683, 782.5640268970997, 242.057506000234)","(609.0, 189.0)",402.49223594996215
"(1016.0, 607.0, 1101.0, 803.0)","(734.6248498176768, 159.0922152164838, 781.7198528897464, 242.49562954143812)","(612.0, 189.0)",180.0
"(1016.0, 607.0, 1099.0, 800.0)","(734.8877129163409, 158.60218699051205, 781.4944439803423, 243.0886700778965)","(None, None)",702.9224708315988
"(1015.0, 607.0, 1098.0, 800.0)","(735.2957537164108, 158.16342064846307, 781.2280777692439, 243.62977865976907)","(597.0, 171.0)",702.9224708315988
"(1015.0, 606.0, 1097.0, 800.0)","(735.6914287212155, 158.22027296915067, 781.0345199836022, 244.6009826940559)","(591.0, 159.0)",804.9844718999243
"(1014.0, 606.0, 1096.0, 799.0)","(736.5914933367613, 158.085788387544, 780.8935431607309, 245.47941684270504)","(None, None)",450.0
"(1012.0, 606.0, 1095.0, 797.0)","(736.8620229228084, 158.1462290137697, 781.1822372659544, 245.7457057008936)","(579.0, 150.0)",450.0
"(1012.0, 606.0, 1093.0, 797.0)","(737.271955174104, 158.51626843955802, 781.6763910991012, 246.0527136209813)","(573.0, 150.0)",360.0
"(1014.0, 605.0, 1090.0, 796.0)","(737.5582194420232, 158.7884423746512, 781.8490912455089, 245.93009946226096)","(570.0, 144.0)",402.49223594996215
"(1014.0, 606.0, 1088.0, 795.0)","(738.0055923668816, 159.17263364151458, 782.1653243714703, 245.97120502355878)","(570.0, 138.0)",360.0
"(1014.0, 605.0, 1084.0, 797.0)","(737.7577670657066, 158.51141792994372, 781.8339284426405, 244.53049165710843)","(561.0, 135.0)",569.2099788303083
"(1013.0, 602.0, 1082.0, 797.0)","(737.4881906103728, 158.3999664366247, 781.7082276471563, 243.8413591455681)","(564.0, 132.0)",254.55844122715712
"(1012.0, 602.0, 1080.0, 796.0)","(737.2639215964165, 158.45018255086782, 781.8204668203269, 243.58837840826962)","(558.0, 129.0)",402.49223594996215
